source,simpa_run_label,kind,commit_type,count,avg_ops,max_ops,avg_bytes,max_bytes,avg_commit_ms,max_commit_ms,duration_ms,traversed,pruned,config_lock_max_ms,config_batch_max_ms,config_batch_max_ops,config_batch_max_bytes,config_batch_max_blocks,config_batch_bodies,lock_hold_ms,lock_yields,lock_reacquires
/Users/luke/Projects/rusty-kaspa/pruning-optimisation/baseline/experiments/simpa-prune-maxops10k-20260113-154240.log,maxops10k,summary,,,,,,,,,47,0,0,25,50,10000,4194304,256,1,,,
/Users/luke/Projects/rusty-kaspa/pruning-optimisation/baseline/experiments/simpa-prune-maxops10k-20260113-154240.log,maxops10k,commit,batched,1,1.00,1,48.00,48,0.005,0.005,,,,,,,,,,,,
/Users/luke/Projects/rusty-kaspa/pruning-optimisation/baseline/experiments/simpa-prune-maxops10k-20260113-154240.log,maxops10k,summary,,,,,,,,,63,0,0,25,50,10000,4194304,256,1,,,
/Users/luke/Projects/rusty-kaspa/pruning-optimisation/baseline/experiments/simpa-prune-maxops10k-20260113-154240.log,maxops10k,commit,batched,1,1.00,1,48.00,48,0.006,0.006,,,,,,,,,,,,
/Users/luke/Projects/rusty-kaspa/pruning-optimisation/baseline/experiments/simpa-prune-maxops10k-20260113-154240.log,maxops10k,summary,,,,,,,,,68,0,0,25,50,10000,4194304,256,1,,,
/Users/luke/Projects/rusty-kaspa/pruning-optimisation/baseline/experiments/simpa-prune-maxops10k-20260113-154240.log,maxops10k,commit,batched,1,1.00,1,48.00,48,0.015,0.015,,,,,,,,,,,,
/Users/luke/Projects/rusty-kaspa/pruning-optimisation/baseline/experiments/simpa-prune-maxops10k-20260113-154240.log,maxops10k,summary,,,,,,,,,76,0,0,25,50,10000,4194304,256,1,,,
/Users/luke/Projects/rusty-kaspa/pruning-optimisation/baseline/experiments/simpa-prune-maxops10k-20260113-154240.log,maxops10k,commit,batched,1,1.00,1,48.00,48,0.006,0.006,,,,,,,,,,,,
/Users/luke/Projects/rusty-kaspa/pruning-optimisation/baseline/experiments/simpa-prune-maxops10k-20260113-154240.log,maxops10k,summary,,,,,,,,,102,0,0,25,50,10000,4194304,256,1,,,
/Users/luke/Projects/rusty-kaspa/pruning-optimisation/baseline/experiments/simpa-prune-maxops10k-20260113-154240.log,maxops10k,commit,batched,1,1.00,1,48.00,48,0.008,0.008,,,,,,,,,,,,
/Users/luke/Projects/rusty-kaspa/pruning-optimisation/baseline/experiments/simpa-prune-maxops10k-20260113-154240.log,maxops10k,summary,,,,,,,,,121,0,0,25,50,10000,4194304,256,1,,,
/Users/luke/Projects/rusty-kaspa/pruning-optimisation/baseline/experiments/simpa-prune-maxops10k-20260113-154240.log,maxops10k,commit,batched,1,1.00,1,48.00,48,0.016,0.016,,,,,,,,,,,,
/Users/luke/Projects/rusty-kaspa/pruning-optimisation/baseline/experiments/simpa-prune-maxops10k-20260113-154240.log,maxops10k,summary,,,,,,,,,106,0,0,25,50,10000,4194304,256,1,,,
/Users/luke/Projects/rusty-kaspa/pruning-optimisation/baseline/experiments/simpa-prune-maxops10k-20260113-154240.log,maxops10k,commit,batched,1,1.00,1,48.00,48,0.013,0.013,,,,,,,,,,,,
/Users/luke/Projects/rusty-kaspa/pruning-optimisation/baseline/experiments/simpa-prune-maxops10k-20260113-154240.log,maxops10k,summary,,,,,,,,,111,0,0,25,50,10000,4194304,256,1,,,
/Users/luke/Projects/rusty-kaspa/pruning-optimisation/baseline/experiments/simpa-prune-maxops10k-20260113-154240.log,maxops10k,commit,batched,1,1.00,1,48.00,48,0.008,0.008,,,,,,,,,,,,
/Users/luke/Projects/rusty-kaspa/pruning-optimisation/baseline/experiments/simpa-prune-maxops10k-20260113-154240.log,maxops10k,summary,,,,,,,,,84,0,0,25,50,10000,4194304,256,1,,,
/Users/luke/Projects/rusty-kaspa/pruning-optimisation/baseline/experiments/simpa-prune-maxops10k-20260113-154240.log,maxops10k,commit,batched,1,1.00,1,48.00,48,0.007,0.007,,,,,,,,,,,,
/Users/luke/Projects/rusty-kaspa/pruning-optimisation/baseline/experiments/simpa-prune-maxops10k-20260113-154240.log,maxops10k,summary,,,,,,,,,87,0,0,25,50,10000,4194304,256,1,,,
/Users/luke/Projects/rusty-kaspa/pruning-optimisation/baseline/experiments/simpa-prune-maxops10k-20260113-154240.log,maxops10k,commit,batched,1,1.00,1,48.00,48,0.006,0.006,,,,,,,,,,,,
/Users/luke/Projects/rusty-kaspa/pruning-optimisation/baseline/experiments/simpa-prune-maxops10k-20260113-154240.log,maxops10k,summary,,,,,,,,,85,0,0,25,50,10000,4194304,256,1,,,
/Users/luke/Projects/rusty-kaspa/pruning-optimisation/baseline/experiments/simpa-prune-maxops10k-20260113-154240.log,maxops10k,commit,batched,1,1.00,1,48.00,48,0.006,0.006,,,,,,,,,,,,
/Users/luke/Projects/rusty-kaspa/pruning-optimisation/baseline/experiments/simpa-prune-maxops10k-20260113-154240.log,maxops10k,summary,,,,,,,,,99,0,0,25,50,10000,4194304,256,1,,,
/Users/luke/Projects/rusty-kaspa/pruning-optimisation/baseline/experiments/simpa-prune-maxops10k-20260113-154240.log,maxops10k,commit,batched,1,1.00,1,48.00,48,0.011,0.011,,,,,,,,,,,,
/Users/luke/Projects/rusty-kaspa/pruning-optimisation/baseline/experiments/simpa-prune-maxops10k-20260113-154240.log,maxops10k,summary,,,,,,,,,108,0,0,25,50,10000,4194304,256,1,,,
/Users/luke/Projects/rusty-kaspa/pruning-optimisation/baseline/experiments/simpa-prune-maxops10k-20260113-154240.log,maxops10k,commit,batched,1,1.00,1,48.00,48,0.010,0.010,,,,,,,,,,,,
/Users/luke/Projects/rusty-kaspa/pruning-optimisation/baseline/experiments/simpa-prune-maxops10k-20260113-154240.log,maxops10k,summary,,,,,,,,,108,0,0,25,50,10000,4194304,256,1,,,
/Users/luke/Projects/rusty-kaspa/pruning-optimisation/baseline/experiments/simpa-prune-maxops10k-20260113-154240.log,maxops10k,commit,batched,1,1.00,1,48.00,48,0.015,0.015,,,,,,,,,,,,
/Users/luke/Projects/rusty-kaspa/pruning-optimisation/baseline/experiments/simpa-prune-maxops10k-20260113-154240.log,maxops10k,summary,,,,,,,,,95,0,0,25,50,10000,4194304,256,1,,,
/Users/luke/Projects/rusty-kaspa/pruning-optimisation/baseline/experiments/simpa-prune-maxops10k-20260113-154240.log,maxops10k,commit,batched,1,1.00,1,48.00,48,0.009,0.009,,,,,,,,,,,,
/Users/luke/Projects/rusty-kaspa/pruning-optimisation/baseline/experiments/simpa-prune-maxops10k-20260113-154240.log,maxops10k,summary,,,,,,,,,100,0,0,25,50,10000,4194304,256,1,,,
/Users/luke/Projects/rusty-kaspa/pruning-optimisation/baseline/experiments/simpa-prune-maxops10k-20260113-154240.log,maxops10k,commit,batched,1,1.00,1,48.00,48,0.009,0.009,,,,,,,,,,,,
/Users/luke/Projects/rusty-kaspa/pruning-optimisation/baseline/experiments/simpa-prune-maxops10k-20260113-154240.log,maxops10k,summary,,,,,,,,,152,0,0,25,50,10000,4194304,256,1,,,
/Users/luke/Projects/rusty-kaspa/pruning-optimisation/baseline/experiments/simpa-prune-maxops10k-20260113-154240.log,maxops10k,commit,batched,1,1.00,1,48.00,48,0.016,0.016,,,,,,,,,,,,
/Users/luke/Projects/rusty-kaspa/pruning-optimisation/baseline/experiments/simpa-prune-maxops10k-20260113-154240.log,maxops10k,summary,,,,,,,,,154,0,0,25,50,10000,4194304,256,1,,,
/Users/luke/Projects/rusty-kaspa/pruning-optimisation/baseline/experiments/simpa-prune-maxops10k-20260113-154240.log,maxops10k,commit,batched,1,1.00,1,48.00,48,0.009,0.009,,,,,,,,,,,,
/Users/luke/Projects/rusty-kaspa/pruning-optimisation/baseline/experiments/simpa-prune-maxops10k-20260113-154240.log,maxops10k,summary,,,,,,,,,147,0,0,25,50,10000,4194304,256,1,,,
/Users/luke/Projects/rusty-kaspa/pruning-optimisation/baseline/experiments/simpa-prune-maxops10k-20260113-154240.log,maxops10k,commit,batched,1,1.00,1,48.00,48,0.007,0.007,,,,,,,,,,,,
/Users/luke/Projects/rusty-kaspa/pruning-optimisation/baseline/experiments/simpa-prune-maxops10k-20260113-154240.log,maxops10k,summary,,,,,,,,,139,0,0,25,50,10000,4194304,256,1,,,
/Users/luke/Projects/rusty-kaspa/pruning-optimisation/baseline/experiments/simpa-prune-maxops10k-20260113-154240.log,maxops10k,commit,batched,1,1.00,1,48.00,48,0.009,0.009,,,,,,,,,,,,
/Users/luke/Projects/rusty-kaspa/pruning-optimisation/baseline/experiments/simpa-prune-maxops10k-20260113-154240.log,maxops10k,summary,,,,,,,,,102,0,0,25,50,10000,4194304,256,1,,,
/Users/luke/Projects/rusty-kaspa/pruning-optimisation/baseline/experiments/simpa-prune-maxops10k-20260113-154240.log,maxops10k,commit,batched,1,1.00,1,48.00,48,0.006,0.006,,,,,,,,,,,,
/Users/luke/Projects/rusty-kaspa/pruning-optimisation/baseline/experiments/simpa-prune-maxops10k-20260113-154240.log,maxops10k,summary,,,,,,,,,98,0,0,25,50,10000,4194304,256,1,,,
/Users/luke/Projects/rusty-kaspa/pruning-optimisation/baseline/experiments/simpa-prune-maxops10k-20260113-154240.log,maxops10k,commit,batched,1,1.00,1,48.00,48,0.007,0.007,,,,,,,,,,,,
/Users/luke/Projects/rusty-kaspa/pruning-optimisation/baseline/experiments/simpa-prune-maxops10k-20260113-154240.log,maxops10k,summary,,,,,,,,,104,0,0,25,50,10000,4194304,256,1,,,
/Users/luke/Projects/rusty-kaspa/pruning-optimisation/baseline/experiments/simpa-prune-maxops10k-20260113-154240.log,maxops10k,commit,batched,1,1.00,1,48.00,48,0.008,0.008,,,,,,,,,,,,
/Users/luke/Projects/rusty-kaspa/pruning-optimisation/baseline/experiments/simpa-prune-maxops10k-20260113-154240.log,maxops10k,summary,,,,,,,,,91,0,0,25,50,10000,4194304,256,1,,,
/Users/luke/Projects/rusty-kaspa/pruning-optimisation/baseline/experiments/simpa-prune-maxops10k-20260113-154240.log,maxops10k,commit,batched,1,1.00,1,48.00,48,0.006,0.006,,,,,,,,,,,,
/Users/luke/Projects/rusty-kaspa/pruning-optimisation/baseline/experiments/simpa-prune-maxops10k-20260113-154240.log,maxops10k,summary,,,,,,,,,178,0,0,25,50,10000,4194304,256,1,,,
/Users/luke/Projects/rusty-kaspa/pruning-optimisation/baseline/experiments/simpa-prune-maxops10k-20260113-154240.log,maxops10k,commit,batched,1,1.00,1,48.00,48,0.007,0.007,,,,,,,,,,,,
/Users/luke/Projects/rusty-kaspa/pruning-optimisation/baseline/experiments/simpa-prune-maxops10k-20260113-154240.log,maxops10k,summary,,,,,,,,,176,0,0,25,50,10000,4194304,256,1,,,
/Users/luke/Projects/rusty-kaspa/pruning-optimisation/baseline/experiments/simpa-prune-maxops10k-20260113-154240.log,maxops10k,commit,batched,1,1.00,1,48.00,48,0.007,0.007,,,,,,,,,,,,
/Users/luke/Projects/rusty-kaspa/pruning-optimisation/baseline/experiments/simpa-prune-maxops10k-20260113-154240.log,maxops10k,summary,,,,,,,,,174,0,0,25,50,10000,4194304,256,1,,,
/Users/luke/Projects/rusty-kaspa/pruning-optimisation/baseline/experiments/simpa-prune-maxops10k-20260113-154240.log,maxops10k,commit,batched,1,1.00,1,48.00,48,0.008,0.008,,,,,,,,,,,,
/Users/luke/Projects/rusty-kaspa/pruning-optimisation/baseline/experiments/simpa-prune-maxops10k-20260113-154240.log,maxops10k,summary,,,,,,,,,176,0,0,25,50,10000,4194304,256,1,,,
/Users/luke/Projects/rusty-kaspa/pruning-optimisation/baseline/experiments/simpa-prune-maxops10k-20260113-154240.log,maxops10k,commit,batched,1,1.00,1,48.00,48,0.025,0.025,,,,,,,,,,,,
/Users/luke/Projects/rusty-kaspa/pruning-optimisation/baseline/experiments/simpa-prune-maxops10k-20260113-154240.log,maxops10k,summary,,,,,,,,,142,0,0,25,50,10000,4194304,256,1,,,
/Users/luke/Projects/rusty-kaspa/pruning-optimisation/baseline/experiments/simpa-prune-maxops10k-20260113-154240.log,maxops10k,commit,batched,1,1.00,1,48.00,48,0.008,0.008,,,,,,,,,,,,
/Users/luke/Projects/rusty-kaspa/pruning-optimisation/baseline/experiments/simpa-prune-maxops10k-20260113-154240.log,maxops10k,summary,,,,,,,,,149,0,0,25,50,10000,4194304,256,1,,,
/Users/luke/Projects/rusty-kaspa/pruning-optimisation/baseline/experiments/simpa-prune-maxops10k-20260113-154240.log,maxops10k,commit,batched,1,1.00,1,48.00,48,0.010,0.010,,,,,,,,,,,,
/Users/luke/Projects/rusty-kaspa/pruning-optimisation/baseline/experiments/simpa-prune-maxops10k-20260113-154240.log,maxops10k,summary,,,,,,,,,149,0,0,25,50,10000,4194304,256,1,,,
/Users/luke/Projects/rusty-kaspa/pruning-optimisation/baseline/experiments/simpa-prune-maxops10k-20260113-154240.log,maxops10k,commit,batched,1,1.00,1,48.00,48,0.008,0.008,,,,,,,,,,,,
/Users/luke/Projects/rusty-kaspa/pruning-optimisation/baseline/experiments/simpa-prune-maxops10k-20260113-154240.log,maxops10k,summary,,,,,,,,,130,0,0,25,50,10000,4194304,256,1,,,
/Users/luke/Projects/rusty-kaspa/pruning-optimisation/baseline/experiments/simpa-prune-maxops10k-20260113-154240.log,maxops10k,commit,batched,1,1.00,1,48.00,48,0.014,0.014,,,,,,,,,,,,
/Users/luke/Projects/rusty-kaspa/pruning-optimisation/baseline/experiments/simpa-prune-maxops10k-20260113-154240.log,maxops10k,summary,,,,,,,,,174,205,200,25,50,10000,4194304,256,1,,,
/Users/luke/Projects/rusty-kaspa/pruning-optimisation/baseline/experiments/simpa-prune-maxops10k-20260113-154240.log,maxops10k,commit,batched,1,4301.00,4301,195884.00,195884,2.696,2.696,,,,,,,,,,,,
/Users/luke/Projects/rusty-kaspa/pruning-optimisation/baseline/experiments/simpa-prune-maxops10k-20260113-154240.log,maxops10k,summary,,,,,,,,,175,205,200,25,50,10000,4194304,256,1,,,
/Users/luke/Projects/rusty-kaspa/pruning-optimisation/baseline/experiments/simpa-prune-maxops10k-20260113-154240.log,maxops10k,commit,batched,1,4301.00,4301,195884.00,195884,2.902,2.902,,,,,,,,,,,,
/Users/luke/Projects/rusty-kaspa/pruning-optimisation/baseline/experiments/simpa-prune-maxops10k-20260113-154240.log,maxops10k,summary,,,,,,,,,165,205,200,25,50,10000,4194304,256,1,,,
/Users/luke/Projects/rusty-kaspa/pruning-optimisation/baseline/experiments/simpa-prune-maxops10k-20260113-154240.log,maxops10k,commit,batched,1,4301.00,4301,195884.00,195884,2.871,2.871,,,,,,,,,,,,
/Users/luke/Projects/rusty-kaspa/pruning-optimisation/baseline/experiments/simpa-prune-maxops10k-20260113-154240.log,maxops10k,summary,,,,,,,,,190,205,200,25,50,10000,4194304,256,1,,,
/Users/luke/Projects/rusty-kaspa/pruning-optimisation/baseline/experiments/simpa-prune-maxops10k-20260113-154240.log,maxops10k,commit,batched,1,4301.00,4301,195884.00,195884,3.030,3.030,,,,,,,,,,,,
/Users/luke/Projects/rusty-kaspa/pruning-optimisation/baseline/experiments/simpa-prune-maxops10k-20260113-154240.log,maxops10k,summary,,,,,,,,,162,207,200,25,50,10000,4194304,256,1,,,
/Users/luke/Projects/rusty-kaspa/pruning-optimisation/baseline/experiments/simpa-prune-maxops10k-20260113-154240.log,maxops10k,commit,batched,1,4322.00,4322,197101.00,197101,3.057,3.057,,,,,,,,,,,,
/Users/luke/Projects/rusty-kaspa/pruning-optimisation/baseline/experiments/simpa-prune-maxops10k-20260113-154240.log,maxops10k,summary,,,,,,,,,172,207,200,25,50,10000,4194304,256,1,,,
/Users/luke/Projects/rusty-kaspa/pruning-optimisation/baseline/experiments/simpa-prune-maxops10k-20260113-154240.log,maxops10k,commit,batched,1,4322.00,4322,197101.00,197101,2.598,2.598,,,,,,,,,,,,
/Users/luke/Projects/rusty-kaspa/pruning-optimisation/baseline/experiments/simpa-prune-maxops10k-20260113-154240.log,maxops10k,summary,,,,,,,,,169,207,200,25,50,10000,4194304,256,1,,,
/Users/luke/Projects/rusty-kaspa/pruning-optimisation/baseline/experiments/simpa-prune-maxops10k-20260113-154240.log,maxops10k,commit,batched,1,4322.00,4322,197101.00,197101,3.419,3.419,,,,,,,,,,,,
/Users/luke/Projects/rusty-kaspa/pruning-optimisation/baseline/experiments/simpa-prune-maxops10k-20260113-154240.log,maxops10k,summary,,,,,,,,,157,207,200,25,50,10000,4194304,256,1,,,
/Users/luke/Projects/rusty-kaspa/pruning-optimisation/baseline/experiments/simpa-prune-maxops10k-20260113-154240.log,maxops10k,commit,batched,1,4322.00,4322,197101.00,197101,2.635,2.635,,,,,,,,,,,,
/Users/luke/Projects/rusty-kaspa/pruning-optimisation/baseline/experiments/simpa-prune-maxops10k-20260113-154240.log,maxops10k,summary,,,,,,,,,155,203,191,25,50,10000,4194304,256,1,,,
/Users/luke/Projects/rusty-kaspa/pruning-optimisation/baseline/experiments/simpa-prune-maxops10k-20260113-154240.log,maxops10k,commit,batched,1,4188.00,4188,190687.00,190687,2.569,2.569,,,,,,,,,,,,
/Users/luke/Projects/rusty-kaspa/pruning-optimisation/baseline/experiments/simpa-prune-maxops10k-20260113-154240.log,maxops10k,summary,,,,,,,,,153,203,191,25,50,10000,4194304,256,1,,,
/Users/luke/Projects/rusty-kaspa/pruning-optimisation/baseline/experiments/simpa-prune-maxops10k-20260113-154240.log,maxops10k,commit,batched,1,4188.00,4188,190687.00,190687,4.301,4.301,,,,,,,,,,,,
/Users/luke/Projects/rusty-kaspa/pruning-optimisation/baseline/experiments/simpa-prune-maxops10k-20260113-154240.log,maxops10k,summary,,,,,,,,,157,203,191,25,50,10000,4194304,256,1,,,
/Users/luke/Projects/rusty-kaspa/pruning-optimisation/baseline/experiments/simpa-prune-maxops10k-20260113-154240.log,maxops10k,commit,batched,1,4188.00,4188,190687.00,190687,2.911,2.911,,,,,,,,,,,,
/Users/luke/Projects/rusty-kaspa/pruning-optimisation/baseline/experiments/simpa-prune-maxops10k-20260113-154240.log,maxops10k,summary,,,,,,,,,138,203,191,25,50,10000,4194304,256,1,,,
/Users/luke/Projects/rusty-kaspa/pruning-optimisation/baseline/experiments/simpa-prune-maxops10k-20260113-154240.log,maxops10k,commit,batched,1,4188.00,4188,190687.00,190687,2.533,2.533,,,,,,,,,,,,
/Users/luke/Projects/rusty-kaspa/pruning-optimisation/baseline/experiments/simpa-prune-maxops10k-20260113-154240.log,maxops10k,summary,,,,,,,,,97,213,199,25,50,10000,4194304,256,1,,,
/Users/luke/Projects/rusty-kaspa/pruning-optimisation/baseline/experiments/simpa-prune-maxops10k-20260113-154240.log,maxops10k,commit,batched,1,4377.00,4377,201362.00,201362,3.184,3.184,,,,,,,,,,,,
/Users/luke/Projects/rusty-kaspa/pruning-optimisation/baseline/experiments/simpa-prune-maxops10k-20260113-154240.log,maxops10k,summary,,,,,,,,,101,213,199,25,50,10000,4194304,256,1,,,
/Users/luke/Projects/rusty-kaspa/pruning-optimisation/baseline/experiments/simpa-prune-maxops10k-20260113-154240.log,maxops10k,commit,batched,1,4377.00,4377,201362.00,201362,3.253,3.253,,,,,,,,,,,,
/Users/luke/Projects/rusty-kaspa/pruning-optimisation/baseline/experiments/simpa-prune-maxops10k-20260113-154240.log,maxops10k,summary,,,,,,,,,88,213,199,25,50,10000,4194304,256,1,,,
/Users/luke/Projects/rusty-kaspa/pruning-optimisation/baseline/experiments/simpa-prune-maxops10k-20260113-154240.log,maxops10k,commit,batched,1,4377.00,4377,201362.00,201362,2.849,2.849,,,,,,,,,,,,
/Users/luke/Projects/rusty-kaspa/pruning-optimisation/baseline/experiments/simpa-prune-maxops10k-20260113-154240.log,maxops10k,summary,,,,,,,,,91,213,199,25,50,10000,4194304,256,1,,,
/Users/luke/Projects/rusty-kaspa/pruning-optimisation/baseline/experiments/simpa-prune-maxops10k-20260113-154240.log,maxops10k,commit,batched,1,4377.00,4377,201362.00,201362,3.225,3.225,,,,,,,,,,,,
/Users/luke/Projects/rusty-kaspa/pruning-optimisation/baseline/experiments/simpa-prune-maxops10k-20260113-154240.log,maxops10k,summary,,,,,,,,,98,217,198,25,50,10000,4194304,256,1,,,
/Users/luke/Projects/rusty-kaspa/pruning-optimisation/baseline/experiments/simpa-prune-maxops10k-20260113-154240.log,maxops10k,commit,batched,1,4427.00,4427,201955.00,201955,3.109,3.109,,,,,,,,,,,,
/Users/luke/Projects/rusty-kaspa/pruning-optimisation/baseline/experiments/simpa-prune-maxops10k-20260113-154240.log,maxops10k,summary,,,,,,,,,97,217,198,25,50,10000,4194304,256,1,,,
/Users/luke/Projects/rusty-kaspa/pruning-optimisation/baseline/experiments/simpa-prune-maxops10k-20260113-154240.log,maxops10k,commit,batched,1,4427.00,4427,201955.00,201955,2.684,2.684,,,,,,,,,,,,
/Users/luke/Projects/rusty-kaspa/pruning-optimisation/baseline/experiments/simpa-prune-maxops10k-20260113-154240.log,maxops10k,summary,,,,,,,,,97,217,198,25,50,10000,4194304,256,1,,,
/Users/luke/Projects/rusty-kaspa/pruning-optimisation/baseline/experiments/simpa-prune-maxops10k-20260113-154240.log,maxops10k,commit,batched,1,4427.00,4427,201955.00,201955,3.773,3.773,,,,,,,,,,,,
/Users/luke/Projects/rusty-kaspa/pruning-optimisation/baseline/experiments/simpa-prune-maxops10k-20260113-154240.log,maxops10k,summary,,,,,,,,,97,217,198,25,50,10000,4194304,256,1,,,
/Users/luke/Projects/rusty-kaspa/pruning-optimisation/baseline/experiments/simpa-prune-maxops10k-20260113-154240.log,maxops10k,commit,batched,1,4427.00,4427,201955.00,201955,3.006,3.006,,,,,,,,,,,,
/Users/luke/Projects/rusty-kaspa/pruning-optimisation/baseline/experiments/simpa-prune-maxops10k-20260113-154240.log,maxops10k,summary,,,,,,,,,113,218,198,25,50,10000,4194304,256,1,,,
/Users/luke/Projects/rusty-kaspa/pruning-optimisation/baseline/experiments/simpa-prune-maxops10k-20260113-154240.log,maxops10k,commit,batched,1,4393.00,4393,200207.00,200207,4.107,4.107,,,,,,,,,,,,
/Users/luke/Projects/rusty-kaspa/pruning-optimisation/baseline/experiments/simpa-prune-maxops10k-20260113-154240.log,maxops10k,summary,,,,,,,,,107,218,198,25,50,10000,4194304,256,1,,,
/Users/luke/Projects/rusty-kaspa/pruning-optimisation/baseline/experiments/simpa-prune-maxops10k-20260113-154240.log,maxops10k,commit,batched,1,4393.00,4393,200207.00,200207,3.137,3.137,,,,,,,,,,,,
/Users/luke/Projects/rusty-kaspa/pruning-optimisation/baseline/experiments/simpa-prune-maxops10k-20260113-154240.log,maxops10k,summary,,,,,,,,,116,218,198,25,50,10000,4194304,256,1,,,
/Users/luke/Projects/rusty-kaspa/pruning-optimisation/baseline/experiments/simpa-prune-maxops10k-20260113-154240.log,maxops10k,commit,batched,1,4393.00,4393,200207.00,200207,3.319,3.319,,,,,,,,,,,,
/Users/luke/Projects/rusty-kaspa/pruning-optimisation/baseline/experiments/simpa-prune-maxops10k-20260113-154240.log,maxops10k,summary,,,,,,,,,102,218,198,25,50,10000,4194304,256,1,,,
/Users/luke/Projects/rusty-kaspa/pruning-optimisation/baseline/experiments/simpa-prune-maxops10k-20260113-154240.log,maxops10k,commit,batched,1,4393.00,4393,200207.00,200207,2.672,2.672,,,,,,,,,,,,
/Users/luke/Projects/rusty-kaspa/pruning-optimisation/baseline/experiments/simpa-prune-maxops10k-20260113-154240.log,maxops10k,summary,,,,,,,,,96,221,197,25,50,10000,4194304,256,1,,,
/Users/luke/Projects/rusty-kaspa/pruning-optimisation/baseline/experiments/simpa-prune-maxops10k-20260113-154240.log,maxops10k,commit,batched,1,4430.00,4430,201429.00,201429,3.388,3.388,,,,,,,,,,,,
/Users/luke/Projects/rusty-kaspa/pruning-optimisation/baseline/experiments/simpa-prune-maxops10k-20260113-154240.log,maxops10k,summary,,,,,,,,,110,221,197,25,50,10000,4194304,256,1,,,
/Users/luke/Projects/rusty-kaspa/pruning-optimisation/baseline/experiments/simpa-prune-maxops10k-20260113-154240.log,maxops10k,commit,batched,1,4430.00,4430,201429.00,201429,2.971,2.971,,,,,,,,,,,,
/Users/luke/Projects/rusty-kaspa/pruning-optimisation/baseline/experiments/simpa-prune-maxops10k-20260113-154240.log,maxops10k,summary,,,,,,,,,121,221,197,25,50,10000,4194304,256,1,,,
/Users/luke/Projects/rusty-kaspa/pruning-optimisation/baseline/experiments/simpa-prune-maxops10k-20260113-154240.log,maxops10k,commit,batched,1,4430.00,4430,201429.00,201429,2.441,2.441,,,,,,,,,,,,
/Users/luke/Projects/rusty-kaspa/pruning-optimisation/baseline/experiments/simpa-prune-maxops10k-20260113-154240.log,maxops10k,summary,,,,,,,,,108,221,197,25,50,10000,4194304,256,1,,,
/Users/luke/Projects/rusty-kaspa/pruning-optimisation/baseline/experiments/simpa-prune-maxops10k-20260113-154240.log,maxops10k,commit,batched,1,4430.00,4430,201429.00,201429,2.276,2.276,,,,,,,,,,,,
/Users/luke/Projects/rusty-kaspa/pruning-optimisation/baseline/experiments/simpa-prune-maxops10k-20260113-154240.log,maxops10k,summary,,,,,,,,,149,218,192,25,50,10000,4194304,256,1,,,
/Users/luke/Projects/rusty-kaspa/pruning-optimisation/baseline/experiments/simpa-prune-maxops10k-20260113-154240.log,maxops10k,commit,batched,1,4411.00,4411,201730.00,201730,2.764,2.764,,,,,,,,,,,,
/Users/luke/Projects/rusty-kaspa/pruning-optimisation/baseline/experiments/simpa-prune-maxops10k-20260113-154240.log,maxops10k,summary,,,,,,,,,148,218,192,25,50,10000,4194304,256,1,,,
/Users/luke/Projects/rusty-kaspa/pruning-optimisation/baseline/experiments/simpa-prune-maxops10k-20260113-154240.log,maxops10k,commit,batched,1,4411.00,4411,201730.00,201730,4.215,4.215,,,,,,,,,,,,
/Users/luke/Projects/rusty-kaspa/pruning-optimisation/baseline/experiments/simpa-prune-maxops10k-20260113-154240.log,maxops10k,summary,,,,,,,,,137,218,192,25,50,10000,4194304,256,1,,,
/Users/luke/Projects/rusty-kaspa/pruning-optimisation/baseline/experiments/simpa-prune-maxops10k-20260113-154240.log,maxops10k,commit,batched,1,4411.00,4411,201730.00,201730,2.404,2.404,,,,,,,,,,,,
/Users/luke/Projects/rusty-kaspa/pruning-optimisation/baseline/experiments/simpa-prune-maxops10k-20260113-154240.log,maxops10k,summary,,,,,,,,,141,218,192,25,50,10000,4194304,256,1,,,
/Users/luke/Projects/rusty-kaspa/pruning-optimisation/baseline/experiments/simpa-prune-maxops10k-20260113-154240.log,maxops10k,commit,batched,1,4411.00,4411,201730.00,201730,3.235,3.235,,,,,,,,,,,,
/Users/luke/Projects/rusty-kaspa/pruning-optimisation/baseline/experiments/simpa-prune-maxops10k-20260113-154240.log,maxops10k,summary,,,,,,,,,242,234,204,25,50,10000,4194304,256,1,,,
/Users/luke/Projects/rusty-kaspa/pruning-optimisation/baseline/experiments/simpa-prune-maxops10k-20260113-154240.log,maxops10k,commit,batched,2,2363.50,4098,108675.00,189772,1.653,2.750,,,,,,,,,,,,
/Users/luke/Projects/rusty-kaspa/pruning-optimisation/baseline/experiments/simpa-prune-maxops10k-20260113-154240.log,maxops10k,summary,,,,,,,,,229,234,204,25,50,10000,4194304,256,1,,,
/Users/luke/Projects/rusty-kaspa/pruning-optimisation/baseline/experiments/simpa-prune-maxops10k-20260113-154240.log,maxops10k,commit,batched,1,4705.00,4705,215678.00,215678,3.376,3.376,,,,,,,,,,,,
/Users/luke/Projects/rusty-kaspa/pruning-optimisation/baseline/experiments/simpa-prune-maxops10k-20260113-154240.log,maxops10k,summary,,,,,,,,,227,234,204,25,50,10000,4194304,256,1,,,
/Users/luke/Projects/rusty-kaspa/pruning-optimisation/baseline/experiments/simpa-prune-maxops10k-20260113-154240.log,maxops10k,commit,batched,2,2393.00,4511,111614.00,209050,1.790,3.348,,,,,,,,,,,,
/Users/luke/Projects/rusty-kaspa/pruning-optimisation/baseline/experiments/simpa-prune-maxops10k-20260113-154240.log,maxops10k,summary,,,,,,,,,219,234,204,25,50,10000,4194304,256,1,,,
/Users/luke/Projects/rusty-kaspa/pruning-optimisation/baseline/experiments/simpa-prune-maxops10k-20260113-154240.log,maxops10k,commit,batched,1,4705.00,4705,215678.00,215678,3.536,3.536,,,,,,,,,,,,
/Users/luke/Projects/rusty-kaspa/pruning-optimisation/baseline/experiments/simpa-prune-maxops10k-20260113-154240.log,maxops10k,summary,,,,,,,,,182,224,188,25,50,10000,4194304,256,1,,,
/Users/luke/Projects/rusty-kaspa/pruning-optimisation/baseline/experiments/simpa-prune-maxops10k-20260113-154240.log,maxops10k,commit,batched,1,4340.00,4340,196380.00,196380,3.088,3.088,,,,,,,,,,,,
/Users/luke/Projects/rusty-kaspa/pruning-optimisation/baseline/experiments/simpa-prune-maxops10k-20260113-154240.log,maxops10k,summary,,,,,,,,,169,224,188,25,50,10000,4194304,256,1,,,
/Users/luke/Projects/rusty-kaspa/pruning-optimisation/baseline/experiments/simpa-prune-maxops10k-20260113-154240.log,maxops10k,commit,batched,1,4340.00,4340,196380.00,196380,3.500,3.500,,,,,,,,,,,,
/Users/luke/Projects/rusty-kaspa/pruning-optimisation/baseline/experiments/simpa-prune-maxops10k-20260113-154240.log,maxops10k,summary,,,,,,,,,175,224,188,25,50,10000,4194304,256,1,,,
/Users/luke/Projects/rusty-kaspa/pruning-optimisation/baseline/experiments/simpa-prune-maxops10k-20260113-154240.log,maxops10k,commit,batched,1,4340.00,4340,196380.00,196380,2.958,2.958,,,,,,,,,,,,
/Users/luke/Projects/rusty-kaspa/pruning-optimisation/baseline/experiments/simpa-prune-maxops10k-20260113-154240.log,maxops10k,summary,,,,,,,,,151,224,188,25,50,10000,4194304,256,1,,,
/Users/luke/Projects/rusty-kaspa/pruning-optimisation/baseline/experiments/simpa-prune-maxops10k-20260113-154240.log,maxops10k,commit,batched,1,4340.00,4340,196380.00,196380,2.725,2.725,,,,,,,,,,,,
/Users/luke/Projects/rusty-kaspa/pruning-optimisation/baseline/experiments/simpa-prune-maxops10k-20260113-154240.log,maxops10k,summary,,,,,,,,,150,238,196,25,50,10000,4194304,256,1,,,
/Users/luke/Projects/rusty-kaspa/pruning-optimisation/baseline/experiments/simpa-prune-maxops10k-20260113-154240.log,maxops10k,commit,batched,1,4569.00,4569,206744.00,206744,2.680,2.680,,,,,,,,,,,,
/Users/luke/Projects/rusty-kaspa/pruning-optimisation/baseline/experiments/simpa-prune-maxops10k-20260113-154240.log,maxops10k,summary,,,,,,,,,153,238,196,25,50,10000,4194304,256,1,,,
/Users/luke/Projects/rusty-kaspa/pruning-optimisation/baseline/experiments/simpa-prune-maxops10k-20260113-154240.log,maxops10k,commit,batched,1,4569.00,4569,206744.00,206744,2.697,2.697,,,,,,,,,,,,
/Users/luke/Projects/rusty-kaspa/pruning-optimisation/baseline/experiments/simpa-prune-maxops10k-20260113-154240.log,maxops10k,summary,,,,,,,,,171,238,196,25,50,10000,4194304,256,1,,,
/Users/luke/Projects/rusty-kaspa/pruning-optimisation/baseline/experiments/simpa-prune-maxops10k-20260113-154240.log,maxops10k,commit,batched,1,4569.00,4569,206744.00,206744,3.793,3.793,,,,,,,,,,,,
/Users/luke/Projects/rusty-kaspa/pruning-optimisation/baseline/experiments/simpa-prune-maxops10k-20260113-154240.log,maxops10k,summary,,,,,,,,,162,238,196,25,50,10000,4194304,256,1,,,
/Users/luke/Projects/rusty-kaspa/pruning-optimisation/baseline/experiments/simpa-prune-maxops10k-20260113-154240.log,maxops10k,commit,batched,1,4569.00,4569,206744.00,206744,3.153,3.153,,,,,,,,,,,,
/Users/luke/Projects/rusty-kaspa/pruning-optimisation/baseline/experiments/simpa-prune-maxops10k-20260113-154240.log,maxops10k,summary,,,,,,,,,152,242,201,25,50,10000,4194304,256,1,,,
/Users/luke/Projects/rusty-kaspa/pruning-optimisation/baseline/experiments/simpa-prune-maxops10k-20260113-154240.log,maxops10k,commit,batched,1,4625.00,4625,208592.00,208592,2.666,2.666,,,,,,,,,,,,
/Users/luke/Projects/rusty-kaspa/pruning-optimisation/baseline/experiments/simpa-prune-maxops10k-20260113-154240.log,maxops10k,summary,,,,,,,,,158,242,201,25,50,10000,4194304,256,1,,,
/Users/luke/Projects/rusty-kaspa/pruning-optimisation/baseline/experiments/simpa-prune-maxops10k-20260113-154240.log,maxops10k,commit,batched,1,4625.00,4625,208592.00,208592,3.681,3.681,,,,,,,,,,,,
/Users/luke/Projects/rusty-kaspa/pruning-optimisation/baseline/experiments/simpa-prune-maxops10k-20260113-154240.log,maxops10k,summary,,,,,,,,,152,242,201,25,50,10000,4194304,256,1,,,
/Users/luke/Projects/rusty-kaspa/pruning-optimisation/baseline/experiments/simpa-prune-maxops10k-20260113-154240.log,maxops10k,commit,batched,1,4625.00,4625,208592.00,208592,2.968,2.968,,,,,,,,,,,,
/Users/luke/Projects/rusty-kaspa/pruning-optimisation/baseline/experiments/simpa-prune-maxops10k-20260113-154240.log,maxops10k,summary,,,,,,,,,161,242,201,25,50,10000,4194304,256,1,,,
/Users/luke/Projects/rusty-kaspa/pruning-optimisation/baseline/experiments/simpa-prune-maxops10k-20260113-154240.log,maxops10k,commit,batched,1,4625.00,4625,208592.00,208592,3.412,3.412,,,,,,,,,,,,
/Users/luke/Projects/rusty-kaspa/pruning-optimisation/baseline/experiments/simpa-prune-maxops10k-20260113-154240.log,maxops10k,summary,,,,,,,,,174,241,205,25,50,10000,4194304,256,1,,,
/Users/luke/Projects/rusty-kaspa/pruning-optimisation/baseline/experiments/simpa-prune-maxops10k-20260113-154240.log,maxops10k,commit,batched,1,4677.00,4677,211666.00,211666,3.522,3.522,,,,,,,,,,,,
/Users/luke/Projects/rusty-kaspa/pruning-optimisation/baseline/experiments/simpa-prune-maxops10k-20260113-154240.log,maxops10k,summary,,,,,,,,,191,241,205,25,50,10000,4194304,256,1,,,
/Users/luke/Projects/rusty-kaspa/pruning-optimisation/baseline/experiments/simpa-prune-maxops10k-20260113-154240.log,maxops10k,commit,batched,1,4677.00,4677,211666.00,211666,3.851,3.851,,,,,,,,,,,,
/Users/luke/Projects/rusty-kaspa/pruning-optimisation/baseline/experiments/simpa-prune-maxops10k-20260113-154240.log,maxops10k,summary,,,,,,,,,191,241,205,25,50,10000,4194304,256,1,,,
/Users/luke/Projects/rusty-kaspa/pruning-optimisation/baseline/experiments/simpa-prune-maxops10k-20260113-154240.log,maxops10k,commit,batched,1,4677.00,4677,211666.00,211666,3.499,3.499,,,,,,,,,,,,
/Users/luke/Projects/rusty-kaspa/pruning-optimisation/baseline/experiments/simpa-prune-maxops10k-20260113-154240.log,maxops10k,summary,,,,,,,,,184,241,205,25,50,10000,4194304,256,1,,,
/Users/luke/Projects/rusty-kaspa/pruning-optimisation/baseline/experiments/simpa-prune-maxops10k-20260113-154240.log,maxops10k,commit,batched,2,2348.50,3952,106566.00,178304,1.719,2.289,,,,,,,,,,,,
/Users/luke/Projects/rusty-kaspa/pruning-optimisation/baseline/experiments/simpa-prune-maxops10k-20260113-154240.log,maxops10k,summary,,,,,,,,,167,235,199,25,50,10000,4194304,256,1,,,
/Users/luke/Projects/rusty-kaspa/pruning-optimisation/baseline/experiments/simpa-prune-maxops10k-20260113-154240.log,maxops10k,commit,batched,1,4505.00,4505,202587.00,202587,2.421,2.421,,,,,,,,,,,,
/Users/luke/Projects/rusty-kaspa/pruning-optimisation/baseline/experiments/simpa-prune-maxops10k-20260113-154240.log,maxops10k,summary,,,,,,,,,158,235,199,25,50,10000,4194304,256,1,,,
/Users/luke/Projects/rusty-kaspa/pruning-optimisation/baseline/experiments/simpa-prune-maxops10k-20260113-154240.log,maxops10k,commit,batched,1,4505.00,4505,202587.00,202587,2.704,2.704,,,,,,,,,,,,
/Users/luke/Projects/rusty-kaspa/pruning-optimisation/baseline/experiments/simpa-prune-maxops10k-20260113-154240.log,maxops10k,summary,,,,,,,,,152,235,199,25,50,10000,4194304,256,1,,,
/Users/luke/Projects/rusty-kaspa/pruning-optimisation/baseline/experiments/simpa-prune-maxops10k-20260113-154240.log,maxops10k,commit,batched,1,4505.00,4505,202587.00,202587,2.380,2.380,,,,,,,,,,,,
/Users/luke/Projects/rusty-kaspa/pruning-optimisation/baseline/experiments/simpa-prune-maxops10k-20260113-154240.log,maxops10k,summary,,,,,,,,,182,235,199,25,50,10000,4194304,256,1,,,
/Users/luke/Projects/rusty-kaspa/pruning-optimisation/baseline/experiments/simpa-prune-maxops10k-20260113-154240.log,maxops10k,commit,batched,1,4505.00,4505,202587.00,202587,2.872,2.872,,,,,,,,,,,,
/Users/luke/Projects/rusty-kaspa/pruning-optimisation/baseline/experiments/simpa-prune-maxops10k-20260113-154240.log,maxops10k,summary,,,,,,,,,200,238,202,25,50,10000,4194304,256,1,,,
/Users/luke/Projects/rusty-kaspa/pruning-optimisation/baseline/experiments/simpa-prune-maxops10k-20260113-154240.log,maxops10k,commit,batched,1,4573.00,4573,205486.00,205486,2.478,2.478,,,,,,,,,,,,
/Users/luke/Projects/rusty-kaspa/pruning-optimisation/baseline/experiments/simpa-prune-maxops10k-20260113-154240.log,maxops10k,summary,,,,,,,,,198,238,202,25,50,10000,4194304,256,1,,,
/Users/luke/Projects/rusty-kaspa/pruning-optimisation/baseline/experiments/simpa-prune-maxops10k-20260113-154240.log,maxops10k,commit,batched,1,4573.00,4573,205486.00,205486,3.160,3.160,,,,,,,,,,,,
/Users/luke/Projects/rusty-kaspa/pruning-optimisation/baseline/experiments/simpa-prune-maxops10k-20260113-154240.log,maxops10k,summary,,,,,,,,,188,238,202,25,50,10000,4194304,256,1,,,
/Users/luke/Projects/rusty-kaspa/pruning-optimisation/baseline/experiments/simpa-prune-maxops10k-20260113-154240.log,maxops10k,commit,batched,1,4573.00,4573,205486.00,205486,3.234,3.234,,,,,,,,,,,,
/Users/luke/Projects/rusty-kaspa/pruning-optimisation/baseline/experiments/simpa-prune-maxops10k-20260113-154240.log,maxops10k,summary,,,,,,,,,165,238,202,25,50,10000,4194304,256,1,,,
/Users/luke/Projects/rusty-kaspa/pruning-optimisation/baseline/experiments/simpa-prune-maxops10k-20260113-154240.log,maxops10k,commit,batched,1,4573.00,4573,205486.00,205486,3.029,3.029,,,,,,,,,,,,
/Users/luke/Projects/rusty-kaspa/pruning-optimisation/baseline/experiments/simpa-prune-maxops10k-20260113-154240.log,maxops10k,summary,,,,,,,,,177,236,195,25,50,10000,4194304,256,1,,,
/Users/luke/Projects/rusty-kaspa/pruning-optimisation/baseline/experiments/simpa-prune-maxops10k-20260113-154240.log,maxops10k,commit,batched,1,4581.00,4581,209908.00,209908,3.487,3.487,,,,,,,,,,,,
/Users/luke/Projects/rusty-kaspa/pruning-optimisation/baseline/experiments/simpa-prune-maxops10k-20260113-154240.log,maxops10k,summary,,,,,,,,,174,236,195,25,50,10000,4194304,256,1,,,
/Users/luke/Projects/rusty-kaspa/pruning-optimisation/baseline/experiments/simpa-prune-maxops10k-20260113-154240.log,maxops10k,commit,batched,1,4581.00,4581,209908.00,209908,4.216,4.216,,,,,,,,,,,,
/Users/luke/Projects/rusty-kaspa/pruning-optimisation/baseline/experiments/simpa-prune-maxops10k-20260113-154240.log,maxops10k,summary,,,,,,,,,178,236,195,25,50,10000,4194304,256,1,,,
/Users/luke/Projects/rusty-kaspa/pruning-optimisation/baseline/experiments/simpa-prune-maxops10k-20260113-154240.log,maxops10k,commit,batched,1,4581.00,4581,209908.00,209908,3.037,3.037,,,,,,,,,,,,
/Users/luke/Projects/rusty-kaspa/pruning-optimisation/baseline/experiments/simpa-prune-maxops10k-20260113-154240.log,maxops10k,summary,,,,,,,,,156,236,195,25,50,10000,4194304,256,1,,,
/Users/luke/Projects/rusty-kaspa/pruning-optimisation/baseline/experiments/simpa-prune-maxops10k-20260113-154240.log,maxops10k,commit,batched,1,4581.00,4581,209908.00,209908,3.258,3.258,,,,,,,,,,,,
/Users/luke/Projects/rusty-kaspa/pruning-optimisation/baseline/experiments/simpa-prune-maxops10k-20260113-154240.log,maxops10k,summary,,,,,,,,,206,240,199,25,50,10000,4194304,256,1,,,
/Users/luke/Projects/rusty-kaspa/pruning-optimisation/baseline/experiments/simpa-prune-maxops10k-20260113-154240.log,maxops10k,commit,batched,1,4566.00,4566,205228.00,205228,14.406,14.406,,,,,,,,,,,,
/Users/luke/Projects/rusty-kaspa/pruning-optimisation/baseline/experiments/simpa-prune-maxops10k-20260113-154240.log,maxops10k,summary,,,,,,,,,194,240,199,25,50,10000,4194304,256,1,,,
/Users/luke/Projects/rusty-kaspa/pruning-optimisation/baseline/experiments/simpa-prune-maxops10k-20260113-154240.log,maxops10k,commit,batched,1,4566.00,4566,205228.00,205228,3.034,3.034,,,,,,,,,,,,
/Users/luke/Projects/rusty-kaspa/pruning-optimisation/baseline/experiments/simpa-prune-maxops10k-20260113-154240.log,maxops10k,summary,,,,,,,,,201,240,199,25,50,10000,4194304,256,1,,,
/Users/luke/Projects/rusty-kaspa/pruning-optimisation/baseline/experiments/simpa-prune-maxops10k-20260113-154240.log,maxops10k,commit,batched,2,2298.00,4226,103732.00,189793,1.622,2.965,,,,,,,,,,,,
/Users/luke/Projects/rusty-kaspa/pruning-optimisation/baseline/experiments/simpa-prune-maxops10k-20260113-154240.log,maxops10k,summary,,,,,,,,,175,240,199,25,50,10000,4194304,256,1,,,
/Users/luke/Projects/rusty-kaspa/pruning-optimisation/baseline/experiments/simpa-prune-maxops10k-20260113-154240.log,maxops10k,commit,batched,1,4566.00,4566,205228.00,205228,3.428,3.428,,,,,,,,,,,,
/Users/luke/Projects/rusty-kaspa/pruning-optimisation/baseline/experiments/simpa-prune-maxops10k-20260113-154240.log,maxops10k,summary,,,,,,,,,181,241,196,25,50,10000,4194304,256,1,,,
/Users/luke/Projects/rusty-kaspa/pruning-optimisation/baseline/experiments/simpa-prune-maxops10k-20260113-154240.log,maxops10k,commit,batched,2,2286.50,4323,103345.50,194201,1.428,2.653,,,,,,,,,,,,
/Users/luke/Projects/rusty-kaspa/pruning-optimisation/baseline/experiments/simpa-prune-maxops10k-20260113-154240.log,maxops10k,summary,,,,,,,,,166,241,196,25,50,10000,4194304,256,1,,,
/Users/luke/Projects/rusty-kaspa/pruning-optimisation/baseline/experiments/simpa-prune-maxops10k-20260113-154240.log,maxops10k,commit,batched,1,4551.00,4551,204925.00,204925,3.323,3.323,,,,,,,,,,,,
/Users/luke/Projects/rusty-kaspa/pruning-optimisation/baseline/experiments/simpa-prune-maxops10k-20260113-154240.log,maxops10k,summary,,,,,,,,,180,241,196,25,50,10000,4194304,256,1,,,
/Users/luke/Projects/rusty-kaspa/pruning-optimisation/baseline/experiments/simpa-prune-maxops10k-20260113-154240.log,maxops10k,commit,batched,1,4551.00,4551,204925.00,204925,3.738,3.738,,,,,,,,,,,,
/Users/luke/Projects/rusty-kaspa/pruning-optimisation/baseline/experiments/simpa-prune-maxops10k-20260113-154240.log,maxops10k,summary,,,,,,,,,175,241,196,25,50,10000,4194304,256,1,,,
/Users/luke/Projects/rusty-kaspa/pruning-optimisation/baseline/experiments/simpa-prune-maxops10k-20260113-154240.log,maxops10k,commit,batched,1,4551.00,4551,204925.00,204925,3.064,3.064,,,,,,,,,,,,
/Users/luke/Projects/rusty-kaspa/pruning-optimisation/baseline/experiments/simpa-prune-maxops10k-20260113-154240.log,maxops10k,summary,,,,,,,,,265,244,199,25,50,10000,4194304,256,1,,,
/Users/luke/Projects/rusty-kaspa/pruning-optimisation/baseline/experiments/simpa-prune-maxops10k-20260113-154240.log,maxops10k,commit,batched,1,4568.00,4568,204379.00,204379,3.595,3.595,,,,,,,,,,,,
/Users/luke/Projects/rusty-kaspa/pruning-optimisation/baseline/experiments/simpa-prune-maxops10k-20260113-154240.log,maxops10k,summary,,,,,,,,,251,244,199,25,50,10000,4194304,256,1,,,
/Users/luke/Projects/rusty-kaspa/pruning-optimisation/baseline/experiments/simpa-prune-maxops10k-20260113-154240.log,maxops10k,commit,batched,1,4568.00,4568,204379.00,204379,3.631,3.631,,,,,,,,,,,,
/Users/luke/Projects/rusty-kaspa/pruning-optimisation/baseline/experiments/simpa-prune-maxops10k-20260113-154240.log,maxops10k,summary,,,,,,,,,272,244,199,25,50,10000,4194304,256,1,,,
/Users/luke/Projects/rusty-kaspa/pruning-optimisation/baseline/experiments/simpa-prune-maxops10k-20260113-154240.log,maxops10k,commit,batched,2,2304.50,4090,103697.50,182787,2.134,3.680,,,,,,,,,,,,
/Users/luke/Projects/rusty-kaspa/pruning-optimisation/baseline/experiments/simpa-prune-maxops10k-20260113-154240.log,maxops10k,summary,,,,,,,,,246,244,199,25,50,10000,4194304,256,1,,,
/Users/luke/Projects/rusty-kaspa/pruning-optimisation/baseline/experiments/simpa-prune-maxops10k-20260113-154240.log,maxops10k,commit,batched,2,2300.50,4460,103429.50,199351,1.567,2.946,,,,,,,,,,,,
